¨Ï¥ÎªÌ,¦¬ÂÃºô§},URLºô§},Tag
jjiaqiwu,http://twitter.com/skumattyo/status/614373843713396737,,
jjiaqiwu,http://twitter.com/sekaneko_movie/status/650132372206194688,https://twitter.com/bakuman_movie/status/650085348249235458,
jjiaqiwu,http://twitter.com/sekaneko_movie/status/646231967399186433,https://twitter.com/earth_1999/status/645820704462520320,
jjiaqiwu,http://twitter.com/sakutoshiratori/status/624931764578877441,http://bit.ly/1L6tq8R,
jjiaqiwu,http://twitter.com/sakutoshiratori/status/624762193414717442,http://www.tbs.co.jp/algernon2015/,
jjiaqiwu,http://twitter.com/sakutoshiratori/status/624582589609672704,http://bit.ly/1Gk6oqC,
jjiaqiwu,http://twitter.com/sakutoshiratori/status/624569399022743553,http://bit.ly/1L6tq8R,
jjiaqiwu,http://twitter.com/sakutoshiratori/status/624399804248883200,http://www.tbs.co.jp/algernon2015/,
jjiaqiwu,http://twitter.com/sakutoshiratori/status/624220165979312128,http://bit.ly/1Gk6oqC,
jjiaqiwu,http://twitter.com/sakutoshiratori/status/624206856903245824,http://bit.ly/1L6tq8R,
jjiaqiwu,http://twitter.com/sakutoshiratori/status/624037419336073216,http://www.tbs.co.jp/algernon2015/,
jjiaqiwu,http://twitter.com/sakutoshiratori/status/623857804500054016,http://bit.ly/1Gk6oqC,
jjiaqiwu,http://twitter.com/sakutoshiratori/status/623844607558705152,http://bit.ly/1L6tq8R,
jjiaqiwu,http://twitter.com/sakutoshiratori/status/623495400977096704,http://bit.ly/1Gk6oqC,
jjiaqiwu,http://twitter.com/sakutoshiratori/status/623482294884405248,http://bit.ly/1L6tq8R,
jjiaqiwu,http://twitter.com/sakutoshiratori/status/623312675150233600,http://www.tbs.co.jp/algernon2015/,
jjiaqiwu,http://twitter.com/sakutoshiratori/status/623133070703509504,http://bit.ly/1Gk6oqC,
jjiaqiwu,http://twitter.com/sakutoshiratori/status/623119862672437248,http://bit.ly/1L6tq8R,
jjiaqiwu,http://twitter.com/sakutoshiratori/status/622950303776636928,http://www.tbs.co.jp/algernon2015/,
jjiaqiwu,http://twitter.com/sakutoshiratori/status/622770656313085954,http://bit.ly/1Gk6oqC,
jjiaqiwu,http://twitter.com/sakutoshiratori/status/622757470641852416,http://bit.ly/1L6tq8R,
jjiaqiwu,http://twitter.com/sakutoshiratori/status/622587891416326144,http://www.tbs.co.jp/algernon2015/,
jjiaqiwu,http://twitter.com/sakutoshiratori/status/622408362051788803,http://bit.ly/1Gk6oqC,
jjiaqiwu,http://twitter.com/sakutoshiratori/status/622395071661371393,http://bit.ly/1L6tq8R,
jjiaqiwu,http://twitter.com/sakutoshiratori/status/622225457715372032,http://www.tbs.co.jp/algernon2015/,
jjiaqiwu,http://twitter.com/sakutoshiratori/status/622045894901260288,http://bit.ly/1Gk6oqC,
jjiaqiwu,http://twitter.com/sakutoshiratori/status/622032638316941313,http://bit.ly/1L6tq8R,
jjiaqiwu,http://twitter.com/sakutoshiratori/status/621863101780987904,http://www.tbs.co.jp/algernon2015/,
jjiaqiwu,http://twitter.com/sakutoshiratori/status/621683492435312640,http://bit.ly/1Gk6oqC,
jjiaqiwu,http://twitter.com/sakutoshiratori/status/621670219593879552,http://bit.ly/1L6tq8R,
jjiaqiwu,http://twitter.com/sakutoshiratori/status/621500679329198084,http://www.tbs.co.jp/algernon2015/,
jjiaqiwu,http://twitter.com/sakutoshiratori/status/621321115386839040,http://bit.ly/1Gk6oqC,
jjiaqiwu,http://twitter.com/sakutoshiratori/status/621307966772260864,http://bit.ly/1L6tq8R,
jjiaqiwu,http://twitter.com/sakutoshiratori/status/621138318483283968,http://www.tbs.co.jp/algernon2015/,
jjiaqiwu,http://twitter.com/sakutoshiratori/status/620958675973226496,http://bit.ly/1Gk6oqC,
jjiaqiwu,http://twitter.com/sakutoshiratori/status/620945499772727296,http://bit.ly/1L6tq8R,
jjiaqiwu,http://twitter.com/sakutoshiratori/status/620775938540736512,http://www.tbs.co.jp/algernon2015/,
jjiaqiwu,http://twitter.com/sakutoshiratori/status/620596344256737280,http://bit.ly/1Gk6oqC,
jjiaqiwu,http://twitter.com/sakutoshiratori/status/620583163559960576,http://bit.ly/1L6tq8R,
jjiaqiwu,http://twitter.com/sakutoshiratori/status/620233971788464129,http://bit.ly/1Gk6oqC,
jjiaqiwu,http://twitter.com/sakutoshiratori/status/620220815783542784,http://bit.ly/1L6tq8R,
jjiaqiwu,http://twitter.com/sakutoshiratori/status/620051176956911617,http://www.tbs.co.jp/algernon2015/,
jjiaqiwu,http://twitter.com/sakutoshiratori/status/619871656442396672,http://bit.ly/1Gk6oqC,
jjiaqiwu,http://twitter.com/sakutoshiratori/status/619858405033795584,http://bit.ly/1L6tq8R,
jjiaqiwu,http://twitter.com/sakutoshiratori/status/619688778093834240,http://www.tbs.co.jp/algernon2015/,
jjiaqiwu,http://twitter.com/sakutoshiratori/status/619509212842868736,http://bit.ly/1Gk6oqC,
jjiaqiwu,http://twitter.com/sakutoshiratori/status/619496060231139328,http://bit.ly/1L6tq8R,
jjiaqiwu,http://twitter.com/sakutoshiratori/status/619326399459909632,http://www.tbs.co.jp/algernon2015/,
jjiaqiwu,http://twitter.com/sakutoshiratori/status/619146786360328193,http://bit.ly/1Gk6oqC,
jjiaqiwu,http://twitter.com/sakutoshiratori/status/619133584465530880,http://bit.ly/1L6tq8R,
jjiaqiwu,http://twitter.com/sakutoshiratori/status/618963990819946496,http://www.tbs.co.jp/algernon2015/,
jjiaqiwu,http://twitter.com/sakutoshiratori/status/618784440349650944,http://bit.ly/1Gk6oqC,
jjiaqiwu,http://twitter.com/sakutoshiratori/status/618771259023736832,http://bit.ly/1L6tq8R,
jjiaqiwu,http://twitter.com/sakutoshiratori/status/618601693853253632,http://www.tbs.co.jp/algernon2015/,
jjiaqiwu,http://twitter.com/sakutoshiratori/status/618422104740904961,http://bit.ly/1Gk6oqC,
jjiaqiwu,http://twitter.com/sakutoshiratori/status/618408824509083648,http://bit.ly/1L6tq8R,
jjiaqiwu,http://twitter.com/sakutoshiratori/status/618239221535391744,http://www.tbs.co.jp/algernon2015/,
jjiaqiwu,http://twitter.com/sakutoshiratori/status/618059743085461504,http://bit.ly/1Gk6oqC,
jjiaqiwu,http://twitter.com/sakutoshiratori/status/618046468079796224,http://bit.ly/1L6tq8R,
jjiaqiwu,http://twitter.com/sakutoshiratori/status/617876843476062208,http://www.tbs.co.jp/algernon2015/,
jjiaqiwu,http://twitter.com/sakutoshiratori/status/617697276920664064,http://bit.ly/1Gk6oqC,
jjiaqiwu,http://twitter.com/sakutoshiratori/status/617684102536302592,http://bit.ly/1L6tq8R,
jjiaqiwu,http://twitter.com/sakutoshiratori/status/617514420990705664,http://www.tbs.co.jp/algernon2015/,
jjiaqiwu,http://twitter.com/sakutoshiratori/status/617334910634717184,http://bit.ly/1Gk6oqC,
jjiaqiwu,http://twitter.com/sakutoshiratori/status/617321709943717888,http://bit.ly/1L6tq8R,
jjiaqiwu,http://twitter.com/sakutoshiratori/status/617152058043469824,http://www.tbs.co.jp/algernon2015/,
jjiaqiwu,http://twitter.com/sakutoshiratori/status/616972504683286528,http://bit.ly/1Gk6oqC,
jjiaqiwu,http://twitter.com/sakutoshiratori/status/616959250338701313,http://bit.ly/1L6tq8R,
jjiaqiwu,http://twitter.com/sakutoshiratori/status/616911886601183232,http://www.nikkansports.com/entertainment/award/ns-dramagp/index.html,
jjiaqiwu,http://twitter.com/sakutoshiratori/status/616790005990752256,http://www.tbs.co.jp/algernon2015/,
jjiaqiwu,http://twitter.com/sakutoshiratori/status/616454902856839168,http://bit.ly/1Gk6oqC,
jjiaqiwu,http://twitter.com/sakutoshiratori/status/616433117063069696,http://bit.ly/1L6tq8R,
jjiaqiwu,http://twitter.com/sakutoshiratori/status/616065601216208897,http://www.tbs.co.jp/algernon2015/,
jjiaqiwu,http://twitter.com/sakutoshiratori/status/615885341254250496,http://bit.ly/1Gk6oqC,
jjiaqiwu,http://twitter.com/sakutoshiratori/status/615874722098626560,http://bit.ly/1L6tq8R,
jjiaqiwu,http://twitter.com/sakutoshiratori/status/615702534934560768,http://www.tbs.co.jp/algernon2015/,
jjiaqiwu,http://twitter.com/sakutoshiratori/status/615523057742917632,http://bit.ly/1Gk6oqC,
jjiaqiwu,http://twitter.com/sakutoshiratori/status/615509882205175808,http://bit.ly/1L6tq8R,
jjiaqiwu,http://twitter.com/sakutoshiratori/status/615340172058624000,http://www.tbs.co.jp/algernon2015/,
jjiaqiwu,http://twitter.com/sakutoshiratori/status/615160652953354240,http://bit.ly/1Gk6oqC,
jjiaqiwu,http://twitter.com/sakutoshiratori/status/615147580364734464,http://bit.ly/1L6tq8R,
jjiaqiwu,http://twitter.com/sakutoshiratori/status/614977789536505856,http://www.tbs.co.jp/algernon2015/,
jjiaqiwu,http://twitter.com/sakutoshiratori/status/614798436638961664,http://bit.ly/1Gk6oqC,
jjiaqiwu,http://twitter.com/sakutoshiratori/status/614785313773240320,http://bit.ly/1L6tq8R,
jjiaqiwu,http://twitter.com/sakutoshiratori/status/614615428812247040,http://www.tbs.co.jp/algernon2015/,
jjiaqiwu,http://twitter.com/sakutoshiratori/status/614435936068210688,http://bit.ly/1Gk6oqC,
jjiaqiwu,http://twitter.com/sakutoshiratori/status/614422917418348544,http://bit.ly/1L6tq8R,
jjiaqiwu,http://twitter.com/sakutoshiratori/status/614252994767355904,http://www.tbs.co.jp/algernon2015/,
jjiaqiwu,http://twitter.com/sakutoshiratori/status/614073516585975808,http://bit.ly/1Gk6oqC,
jjiaqiwu,http://twitter.com/sakutoshiratori/status/614060417288028160,http://bit.ly/1L6tq8R,
jjiaqiwu,http://twitter.com/sakutoshiratori/status/613890634173120513,http://www.tbs.co.jp/algernon2015/,
jjiaqiwu,http://twitter.com/sakutoshiratori/status/613711220349140993,http://bit.ly/1Gk6oqC,
jjiaqiwu,http://twitter.com/sakutoshiratori/status/613698189015711744,http://bit.ly/1L6tq8R,
jjiaqiwu,http://twitter.com/sakutoshiratori/status/613528265190313985,http://www.tbs.co.jp/algernon2015/,
jjiaqiwu,http://twitter.com/sakutoshiratori/status/613348925093756928,http://bit.ly/1Gk6oqC,¤s¤U´¼¤[
jjiaqiwu,http://twitter.com/sakutoshiratori/status/613335768191234048,http://bit.ly/1L6tq8R,????
jjiaqiwu,http://twitter.com/p04091215/status/616906042618712064,,backToTheFutureHearts
jjiaqiwu,http://twitter.com/oricon/status/649864285351362560,http://www.oricon.co.jp/special/48282/?ref_cd=jstw,backToTheFutureHearts
jjiaqiwu,http://twitter.com/ONEOKROCK_japan/status/657047111851110400,https://instagram.com/p/9IESwMxja_/,oneokrock
jjiaqiwu,http://twitter.com/ONEOKROCK_japan/status/656693461236625408,https://instagram.com/p/9FjeJZxjRb/,
jjiaqiwu,http://twitter.com/ONEOKROCK_japan/status/656593752706805760,http://listings.ticketweb.co.uk/one-ok-rock,backToTheFutureHearts
jjiaqiwu,http://twitter.com/ONEOKROCK_japan/status/656244950225448960,,backToTheFutureHearts
jjiaqiwu,http://twitter.com/ONEOKROCK_japan/status/655966809716228096,https://instagram.com/p/9AZB0MRje5/,
jjiaqiwu,http://twitter.com/ONEOKROCK_japan/status/655554822335164416,https://instagram.com/p/89drcWRjYk/,
jjiaqiwu,http://twitter.com/ONEOKROCK_japan/status/655246823167123456,,
jjiaqiwu,http://twitter.com/ONEOKROCK_japan/status/654406393689051136,http://tixcraft.com/,
jjiaqiwu,http://twitter.com/ONEOKROCK_japan/status/653385660498358272,https://instagram.com/p/8uDQvxxjaZ/,????????ªá§ô?
jjiaqiwu,http://twitter.com/ONEOKROCK_japan/status/652913322887675904,https://instagram.com/p/8qsd5RRjVL/,
jjiaqiwu,http://twitter.com/NL0409/status/617974845855305728,,¦õÃÃ°·
jjiaqiwu,http://twitter.com/Movie__Walker/status/653526501397168128,http://news.walkerplus.com/article/66189/,¦õÃÃ°·
jjiaqiwu,http://twitter.com/modelpress/status/650184333219659776,http://mdpr.jp/news/1529518,
jjiaqiwu,http://twitter.com/modelpress/status/650168550959656960,http://mdpr.jp/news/1529469,
jjiaqiwu,http://twitter.com/MENSNONNOJP/status/654990370862944256,http://bit.ly/1LamNjX,Mayday
jjiaqiwu,http://twitter.com/MENSNONNOJP/status/652106286100783104,,Mayday
jjiaqiwu,http://twitter.com/Mayday_JP/status/641905905529810945,http://music.emtg.jp/liveReport/20150906282c2073f,Mayday
jjiaqiwu,http://twitter.com/Mayday_JP/status/641548496605024256,http://www.excite.co.jp/News/emusic/20150909/E1441779190793.html,Mayday
jjiaqiwu,http://twitter.com/Mayday_JP/status/641440439128625152,http://www.barks.jp/news/?id=1000119532,Mayday
jjiaqiwu,http://twitter.com/Mayday_JP/status/640714783856066566,http://www.astage-ent.com/asia/mayday.html,Mayday
jjiaqiwu,http://twitter.com/Mayday_JP/status/639268067881566208,http://www.cinemart.co.jp/article/blog/20150902000161.html,Mayday
jjiaqiwu,http://twitter.com/Mayday_JP/status/639261417510563840,http://rocketnews24.com/2015/09/02/626598/,Mayday
jjiaqiwu,http://twitter.com/Mayday_JP/status/638918697042624512,https://www.facebook.com/asketch.official/posts/967605209966342,Mayday
jjiaqiwu,http://twitter.com/Mayday_JP/status/638914886471282688,http://blog.taiwannews.jp/?p=27850,Mayday
jjiaqiwu,http://twitter.com/Mayday_JP/status/638567156280483840,http://top.tsite.jp/entertainment/international/i/25118862/,Mayday
jjiaqiwu,http://twitter.com/Mayday_JP/status/638554793926004736,http://ro69.jp/news/detail/130140,Mayday
jjiaqiwu,http://twitter.com/Mayday_JP/status/638253675819851776,http://natalie.mu/music/news/158548,Mayday
jjiaqiwu,http://twitter.com/Mayday_JP/status/637883538101043200,,Mayday
jjiaqiwu,http://twitter.com/Mayday_JP/status/637069716570304512,,Mayday
jjiaqiwu,http://twitter.com/Mayday_JP/status/632039680633012224,,Mayday
jjiaqiwu,http://twitter.com/Mayday_JP/status/631299802471362562,http://www.mayday.jp,Mayday
jjiaqiwu,http://twitter.com/Mayday_JP/status/622645522914869248,http://event.kkbox.com/mayday.jp,
jjiaqiwu,http://twitter.com/Mayday_JP/status/620828878706085888,,¤s¤U´¼¤[
jjiaqiwu,http://twitter.com/mantanweb/status/653572687948713984,http://bit.ly/1QlaSAY,????????ªá§ô?
jjiaqiwu,http://twitter.com/LovelyYamapi/status/616899621734846464,http://www.nikkansports.com/entertainment/award/ns-dramagp/index.html,¤­¤ë¤Ñ
jjiaqiwu,http://twitter.com/kuriandmina/status/616893137970008065,,
jjiaqiwu,http://twitter.com/KKBOX_JP/status/637844932728782849,http://event.kkbox.com/mayday.jp,
jjiaqiwu,http://twitter.com/kinro_ntv/status/652332928379195393,,
jjiaqiwu,http://twitter.com/KenjiTanigaki/status/654717849928241152,,
jjiaqiwu,http://twitter.com/KenjiTanigaki/status/648663743576977408,,
jjiaqiwu,http://twitter.com/KenjiTanigaki/status/646282803018010625,http://ent.sina.cn/film/chinese/2015-09-22/detail-ifxhytwr2274497.d.html?from=groupmessage&isappinstalled=0,
jjiaqiwu,http://twitter.com/KenjiTanigaki/status/646277391224991745,,
jjiaqiwu,http://twitter.com/KenjiTanigaki/status/644829835508903936,,
jjiaqiwu,http://twitter.com/KenjiTanigaki/status/643063362390089729,,
jjiaqiwu,http://twitter.com/kamiki_official/status/620548243303219201,,
jjiaqiwu,http://twitter.com/hitoshione/status/655988928743211008,,
jjiaqiwu,http://twitter.com/hitoshione/status/653183089644990464,,
jjiaqiwu,http://twitter.com/hitoshione/status/653182832307646465,,
jjiaqiwu,http://twitter.com/hitoshione/status/650173459301928960,,
jjiaqiwu,http://twitter.com/hitoshione/status/650165985312292864,,
jjiaqiwu,http://twitter.com/eiga_natalie/status/656788168620965888,http://natalie.mu/eiga/pp/bakuman_eiga03,
jjiaqiwu,http://twitter.com/eiga_natalie/status/654635920801464320,http://natalie.mu/eiga/pp/bakuman_eiga01,
jjiaqiwu,http://twitter.com/eiga_natalie/status/649026136135995392,http://natalie.mu/eiga/pp/bakuman_eiga03,
jjiaqiwu,http://twitter.com/cinematoday/status/652600073654636544,http://www.cinematoday.jp/page/N0077162,
jjiaqiwu,http://twitter.com/cinematoday/status/649025883131371520,http://www.cinematoday.jp/page/N0076866,¬M?
jjiaqiwu,http://twitter.com/cinemagene1/status/654583621081108480,https://youtu.be/LXNGfH5NcK4,¦õÃÃ°·
jjiaqiwu,http://twitter.com/cinema_cafe/status/649032300932415488,http://ow.ly/SP9l1,????
jjiaqiwu,http://twitter.com/cinema_cafe/status/643393327958626308,http://ow.ly/Sb9qf,¬M?????
jjiaqiwu,http://twitter.com/bakuman_movie/status/655410066560933888,,¬M?????
jjiaqiwu,http://twitter.com/bakuman_movie/status/655009219679141888,,¬M?????
jjiaqiwu,http://twitter.com/bakuman_movie/status/653597690756886528,,¬M?????
jjiaqiwu,http://twitter.com/bakuman_movie/status/653526704745353216,,¬M?????
jjiaqiwu,http://twitter.com/bakuman_movie/status/653506677430312960,,¬M?????
jjiaqiwu,http://twitter.com/bakuman_movie/status/653493079282814976,,¬M?????
jjiaqiwu,http://twitter.com/bakuman_movie/status/653483373004898304,,¬M?????
jjiaqiwu,http://twitter.com/bakuman_movie/status/653469829920223232,,¬M?????
jjiaqiwu,http://twitter.com/bakuman_movie/status/653467196476157952,,¬M?????
jjiaqiwu,http://twitter.com/bakuman_movie/status/653453279293140993,,¬M?????
jjiaqiwu,http://twitter.com/bakuman_movie/status/653417961244372993,,¬M?????
jjiaqiwu,http://twitter.com/bakuman_movie/status/653410736517963778,,¬M?????
jjiaqiwu,http://twitter.com/bakuman_movie/status/653402637946064896,,¬M?????
jjiaqiwu,http://twitter.com/bakuman_movie/status/653381142393978880,,¬M?????
jjiaqiwu,http://twitter.com/bakuman_movie/status/653337671465472000,,¬M?????
jjiaqiwu,http://twitter.com/bakuman_movie/status/653261815099473920,https://twitter.com/hitoshione/status/653185578326855680,
jjiaqiwu,http://twitter.com/bakuman_movie/status/653183681985515520,,¬M?????
jjiaqiwu,http://twitter.com/bakuman_movie/status/653180392384561152,,¬M?????
jjiaqiwu,http://twitter.com/bakuman_movie/status/653172695459192833,,¬M?????
jjiaqiwu,http://twitter.com/bakuman_movie/status/653162541678399492,,¬M?????
jjiaqiwu,http://twitter.com/bakuman_movie/status/653155852224860160,,¬M?????
jjiaqiwu,http://twitter.com/bakuman_movie/status/653149194538979328,,¬M?????
jjiaqiwu,http://twitter.com/bakuman_movie/status/653126077024342017,,¬M?????
jjiaqiwu,http://twitter.com/bakuman_movie/status/653065441053552640,,¬M?????
jjiaqiwu,http://twitter.com/bakuman_movie/status/653026664482369536,,¬M?????
jjiaqiwu,http://twitter.com/bakuman_movie/status/652698670253498368,,¬M?????
jjiaqiwu,http://twitter.com/bakuman_movie/status/652668474502746112,,¬M?????
jjiaqiwu,http://twitter.com/bakuman_movie/status/652647654879395840,,¬M?????
jjiaqiwu,http://twitter.com/bakuman_movie/status/652627137455779842,,¬M?????
jjiaqiwu,http://twitter.com/bakuman_movie/status/650593831964962816,,¬M?????
jjiaqiwu,http://twitter.com/bakuman_movie/status/650288759091531776,,¬M?????
jjiaqiwu,http://twitter.com/bakuman_movie/status/649090032049999872,,¬M?????
jjiaqiwu,http://twitter.com/bakuman_movie/status/648834766427414529,,¬M?????
jjiaqiwu,http://twitter.com/bakuman_movie/status/648715567495450625,,¬M?????
jjiaqiwu,http://twitter.com/bakuman_movie/status/648509368321740800,,¬M?????
jjiaqiwu,http://twitter.com/bakuman_movie/status/647738925562261504,http://www.oricon.co.jp/special/48282/,¬M?????
jjiaqiwu,http://twitter.com/bakuman_movie/status/646624818628943873,,¬M?????
jjiaqiwu,http://twitter.com/ashin945/status/637855778741751808,https://www.facebook.com/ashin555/posts/936596469729371,Mayday
jjiaqiwu,http://twitter.com/ashin945/status/637517436292497408,,Mayday
jjiaqiwu,http://twitter.com/ashin945/status/637107128252039169,,¤é¥»ªZ¹DÀ]
jjiaqiwu,http://twitter.com/ashin945/status/635447807034322944,http://www.facebook.com/imayday555/videos/920572061342715/,
jjiaqiwu,http://twitter.com/AOLJPNews/status/651669975032311808,http://bit.ly/1OksUEt,
jjiaqiwu,http://twitter.com/amuse_official/status/638252917967839232,http://fb.me/1UimczOkN,
jjiaqiwu,http://twitter.com/10Yoshikomama/status/616900139744006145,http://www.nikkansports.com/m/entertainment/award/ns-dramagp/,¤s¤U´¼¤[
